Algorithm,Accuracy
NaiveBayes,0.8923959827833573
Random Forest,0.8565279770444764
LogisticRegressio,0.5212816834050693
SVM,0.9029172644667623
