Algorithm,Accuracy
NaiveBayes,0.9120038259206121
Random Forest,0.8641798182687709
LogisticRegressio,0.5188904830224773
SVM,0.9177427068388331
