Algorithm,Accuracy
NaiveBayes,0.9033955045432808
Random Forest,0.8675274988043998
LogisticRegressio,0.937350549976088
SVM,0.9311334289813487
